Date;Open;High;Low;Close
2020-04-06;1534.81;1585.04;1534.81;1581.05
2020-04-07;1602.14;1655.29;1602.14;1603.5
2020-04-08;1602.33;1619.63;1567.84;1579.18
2020-04-09;1596.79;1619.77;1579.72;1615.72
2020-04-14;1631.5;1664.53;1625.89;1662.4
2020-04-15;1669.23;1673.58;1602.31;1606.21
2020-04-16;1610.81;1617.55;1589.83;1597.9
2020-04-17;1618.42;1633.53;1612.01;1625.59
2020-04-20;1629.69;1643.87;1604.98;1640.06
2020-04-21;1631.4;1631.4;1572.05;1573.44
2020-04-22;1574.07;1609.82;1554.34;1605.12
2020-04-23;1609.41;1626.82;1589.64;1626.1
2020-04-24;1617.91;1627.49;1601.91;1601.91
2020-04-27;1614.29;1624.69;1580.48;1591.97
2020-04-28;1590.34;1622.8;1579.94;1594.25
2020-04-29;1601.65;1656.4;1600.78;1651.33
2020-04-30;1661.23;1682.13;1636.35;1648.68
2020-05-04;1630.24;1630.24;1597.7;1600.65
2020-05-05;1609.04;1616.34;1591.58;1598.84
2020-05-06;1604.6;1606.44;1565.07;1567.98
2020-05-07;1572.16;1602.76;1559.06;1587.35
2020-05-08;1600.54;1614.18;1599.51;1606.5
2020-05-11;1614.21;1619.36;1581.5;1587.31
2020-05-12;1589.69;1624.52;1584.01;1622.51
2020-05-13;1615.9;1634.77;1607;1614.32
2020-05-14;1605.68;1605.68;1559.52;1579.16
2020-05-15;1585.51;1597.04;1568.38;1572.55
2020-05-18;1585.92;1639.08;1585.92;1639.08
2020-05-19;1651.08;1658.34;1629.29;1640.18
2020-05-20;1640.26;1662.2;1634.44;1652.64
2020-05-21;1651.03;1653.92;1636.24;1637.84
2020-05-22;1632.27;1635.98;1617.76;1630.44
2020-05-25;1639.26;1650.39;1634.34;1644.74
2020-05-26;1657.26;1712.64;1657.26;1709.71
2020-05-27;1713.73;1763.02;1705.09;1707.59
2020-05-28;1722.43;1757.78;1694.6;1718.45
2020-05-29;1718.19;1722.65;1699.32;1722.65
2020-06-01;1733.13;1749.58;1722.77;1733.52
2020-06-02;1735.86;1739.48;1722.5;1736.36
2020-06-03;1741.91;1780.86;1741.36;1766.85
2020-06-04;1765.6;1786.58;1755.73;1786.58
2020-06-05;1794.38;1847.95;1794.38;1842.47
2020-06-08;1842.22;1852.69;1813.02;1841.25
2020-06-09;1848.11;1856.66;1811.96;1835.59
2020-06-10;1840.1;1846.29;1817.06;1841.18
2020-06-12;1792.35;1812.33;1754.16;1788.83
2020-06-15;1767.35;1767.35;1735.27;1741.47
2020-06-16;1765.17;1811.7;1765.17;1798
2020-06-17;1807.91;1812.65;1780.94;1787.81
2020-06-18;1787.9;1804.13;1780.45;1795.86
2020-06-19;1791.68;1809.23;1791.68;1807.85
2020-06-22;1805.25;1807.19;1786.99;1797.05
2020-06-23;1807.1;1847.33;1806.21;1825.99
2020-06-24;1830.39;1836.89;1784.23;1784.23
2020-06-25;1781.84;1798.8;1759.21;1793.36
2020-06-26;1799.33;1800.49;1759.37;1759.43
2020-06-29;1758.46;1771.21;1750.91;1769.47
2020-06-30;1770.24;1777.07;1754.41;1758.82
2020-07-01;1760.72;1774.79;1739.93;1772.38
2020-07-02;1778.45;1809.74;1778.45;1804.01
2020-07-03;1811.07;1812.22;1796.23;1800.96
2020-07-06;1820.81;1833.77;1808.34;1818.55
2020-07-07;1816.46;1816.46;1794.61;1800.93
2020-07-08;1797.88;1797.88;1780.87;1788.22
2020-07-09;1791.68;1802.31;1789.08;1791.68
2020-07-10;1781.84;1797.27;1772.5;1797.27
2020-07-13;1806.55;1814.47;1799.91;1801.64
2020-07-14;1797.85;1798.4;1763.64;1771.7
2020-07-15;1783.18;1798.58;1779.98;1794.78
2020-07-16;1791.04;1799.18;1780.17;1799.08
2020-07-17;1800.7;1800.7;1785.44;1796.04
2020-07-20;1795.09;1840.6;1789.04;1840.6
2020-07-21;1852.56;1884.22;1840.87;1845.34
2020-07-22;1844.74;1847;1830.61;1830.61
2020-07-23;1837.64;1842.84;1817.78;1820.25
2020-07-24;1809.5;1810.65;1790.53;1810.33
2020-07-27;1811.4;1833.8;1805.84;1830.87
2020-07-28;1831.03;1841.46;1806.06;1823.52
2020-07-29;1819.4;1828.24;1804.21;1824.53
2020-07-30;1827.17;1827.17;1762.74;1763.22
2020-07-31;1767.31;1793.13;1765.42;1767.54
2020-08-03;1769.31;1815.5;1768.56;1804.38
2020-08-04;1813.7;1831.17;1804.3;1811.46
2020-08-05;1819.96;1844.2;1819.96;1833.2
2020-08-06;1834.67;1841.68;1810.63;1818.64
2020-08-07;1818.62;1824.29;1809.07;1817.23
2020-08-10;1822.48;1832.65;1812.95;1823.15
2020-08-11;1830.21;1857.95;1822.13;1847.73
2020-08-12;1848.54;1856.84;1839.14;1855.86
2020-08-13;1856.65;1881.46;1854.78;1858.35
2020-08-14;1857.47;1857.47;1840.77;1856.56
2020-08-17;1856.46;1865.94;1844.3;1862.12
2020-08-18;1859.11;1859.11;1837.2;1840.33
2020-08-19;1838.62;1847.84;1831.01;1833.22
2020-08-20;1829.52;1829.52;1811.88;1815.03
2020-08-21;1824.52;1831.28;1813.79;1820.6
2020-08-24;1830.14;1843.75;1827.39;1841.46
2020-08-25;1847.98;1858.14;1820.34;1821.29
2020-08-26;1817.91;1848.77;1815.16;1848.35
2020-08-27;1846.42;1854.84;1833.9;1846.5
2020-08-28;1842.36;1850.46;1826.96;1829.79
2020-08-31;1832.66;1839.06;1793.96;1800.21
2020-09-01;1803.77;1807.77;1768.12;1772.61
2020-09-02;1777.15;1796.8;1777.15;1785.44
2020-09-03;1787.62;1805.22;1764.04;1769.19
2020-09-04;1754.65;1773.65;1743.89;1758.11
2020-09-07;1765.37;1780.44;1761.96;1772.85
2020-09-08;1778.86;1781.04;1720.07;1733.88
2020-09-09;1735.58;1775.98;1735.58;1773.37
2020-09-10;1776.48;1783.39;1751.06;1764.86
2020-09-11;1767.42;1777.91;1764.66;1772.89
2020-09-14;1783.55;1787.9;1757.93;1758.65
2020-09-15;1760.55;1764.38;1737.55;1743.93
2020-09-16;1746.94;1750.73;1731.28;1738.1
2020-09-17;1736.81;1745.87;1714.95;1745.73
2020-09-18;1745.91;1751.25;1729.3;1731.76
2020-09-21;1724.89;1753.5;1682.26;1682.26
2020-09-22;1689.6;1704.4;1682.55;1693.09
2020-09-23;1701.26;1712.27;1684.92;1685.4
2020-09-24;1677.73;1679.59;1657.57;1665.96
2020-09-25;1666.65;1678.51;1658.33;1674.14
2020-09-28;1686.57;1738.44;1686.57;1738.44
2020-09-29;1737.48;1737.48;1718.21;1718.21
2020-09-30;1713.01;1719.15;1700.49;1712.73
2020-10-01;1719.55;1723.85;1687.54;1694.18
2020-10-02;1690.04;1704.58;1675.2;1697.39
2020-10-05;1710.14;1739.17;1710.14;1731.85
2020-10-06;1739.86;1749.28;1733.17;1735.45
2020-10-07;1736.62;1741.18;1715.75;1736.61
2020-10-08;1742.29;1746.68;1711.56;1719.91
2020-10-09;1718.45;1718.45;1679.01;1698.91
2020-10-12;1701.76;1707.3;1681.87;1683.21
2020-10-13;1685.25;1685.25;1659.1;1660.12
2020-10-14;1658.04;1691.64;1657.9;1670.26
2020-10-15;1660.64;1660.64;1625.1;1627.59
2020-10-16;1635.02;1665.8;1635.02;1655.36
2020-10-19;1663.75;1681.74;1640.82;1648.11
2020-10-20;1647.95;1667.16;1638.2;1656.34
2020-10-21;1656.97;1663.23;1634.28;1641.42
2020-10-22;1634.69;1664.37;1627.13;1642.7
2020-10-23;1643.34;1661.16;1638.76;1645.32
2020-10-26;1635.49;1645.46;1627.61;1631.66
2020-10-27;1635.42;1653.11;1612.59;1625.54
2020-10-28;1605.43;1610.05;1534.87;1549.74
2020-10-29;1557.47;1567.72;1529.15;1542.76
2020-10-30;1528.78;1535.27;1496.76;1515.97
2020-11-02;1526.2;1563.93;1526.2;1556.14
2020-11-03;1564.86;1636.9;1564.75;1636.28
2020-11-04;1622.29;1641.78;1590.72;1640.94
2020-11-05;1654.61;1678.4;1649.07;1670.43
2020-11-06;1665.72;1702.98;1654.6;1697.49
2020-11-09;1707.52;1788.27;1697.78;1765.71
2020-11-10;1768.9;1794.79;1741.62;1779.34
2020-11-12;1777.24;1791.08;1761.91;1771.49
2020-11-13;1768.19;1768.51;1743.81;1749.41
2020-11-16;1764.1;1799.36;1764.1;1799.02
2020-11-17;1797.57;1801.73;1775.91;1793.56
2020-11-18;1792.17;1812.8;1787.08;1810.43
2020-11-19;1803.49;1806.98;1782.02;1789.79
2020-11-20;1788.48;1821.3;1780.11;1820.85
2020-11-23;1835.53;1860.73;1823.32;1832.04
2020-11-24;1841.11;1861.39;1831.12;1859.42
2020-11-25;1866.15;1866.15;1840.63;1860.15
2020-11-26;1865.67;1873.96;1844.11;1849.57
2020-11-27;1846.73;1853.78;1834.69;1852.69
2020-11-30;1845.96;1851.37;1817.83;1830.04
2020-12-01;1844.33;1871.17;1844.33;1853.38
2020-12-02;1855.33;1899.37;1845.44;1897.97
2020-12-03;1900.94;1903.32;1880.22;1890.11
2020-12-04;1894.4;1952.28;1894.35;1947.68
2020-12-07;1949.61;1965.92;1926.87;1958.53
2020-12-08;1941.14;1970.27;1933.68;1970.27
2020-12-09;1976.65;2023.91;1976.65;1994.12
2020-12-10;1995.63;2008.96;1975.26;1984
2020-12-11;1985.51;1992.09;1927.53;1950.85
2020-12-14;1956.48;1961.77;1916.03;1939.07
2020-12-15;1938.79;1963.56;1933.23;1955.69
2020-12-16;1963.84;1996.4;1963.84;1985.26
2020-12-17;1997.91;2014.44;1949.99;1975.76
2020-12-18;1981.62;1983.94;1947.14;1952.54
2020-12-21;1929.14;1935.22;1851.23;1888.8
2020-12-22;1896.48;1931.66;1896.29;1928.4
2020-12-23;1934.03;1958.16;1927.07;1955.84
2020-12-28;1969.45;2005.62;1969.45;2004.41
2020-12-29;2015.02;2033.03;2002.58;2016.01
2020-12-30;2019.48;2019.48;1982.15;1983.98
2021-01-04;1994.28;2020.04;1991.46;2008.75
2021-01-05;2004.64;2031.72;1994.13;2009.12
2021-01-07;2040.48;2074.11;2028.43;2074.11
2021-01-08;2080.5;2095.67;2060.2;2072.74
2021-01-11;2067.33;2100.33;2043.05;2066.97
2021-01-12;2073.81;2086.11;2026.96;2043.73
2021-01-13;2050.24;2058.87;2009.42;2023.36
2021-01-14;2023.83;2037.57;2019.66;2031.71
2021-01-15;2026.35;2031.08;1969.41;1985.68
2021-01-18;1985.59;2023.74;1970.06;2023.74
2021-01-19;2034.26;2047.11;1980.12;1980.12
2021-01-20;1983.49;1998.43;1960.82;1986.09
2021-01-21;1997.58;2007.64;1948.97;1953.49
2021-01-22;1945.01;1965.14;1934.61;1952.67
2021-01-25;1961.37;1966.76;1927.45;1945.78
2021-01-26;1936.78;1988.24;1932.69;1981.98
2021-01-27;1981.07;1998.12;1916.09;1929.21
2021-01-28;1913.71;1992.75;1885.24;1987.83
2021-01-29;1965.76;1985.52;1938.85;1948.01
2021-02-01;1960.96;1975.94;1945.82;1967.72
2021-02-02;1973.17;1981.43;1942.6;1954.02
2021-02-03;1961.77;1973.74;1934.98;1940.69
2021-02-04;1945.6;1961.12;1924.95;1927.02
2021-02-05;1937.72;1971.28;1934.96;1957.73
2021-02-08;1970.16;1975.67;1948.48;1952.1
2021-02-09;1954.67;1958.14;1935.49;1941.6
2021-02-10;1947.63;1954.36;1910.15;1917.54
2021-02-11;1922.62;1961.69;1922.62;1954.92
2021-02-12;1951.43;1953.69;1919.72;1937.07
2021-02-15;1946.97;1980.77;1946.97;1974.82
2021-02-16;1977.89;2022.16;1976.58;2004.54
2021-02-17;2005.98;2008.2;1980.26;1986.8
2021-02-18;1990.16;2020.46;1978.88;1980.77
2021-02-19;1985.99;1998.69;1971.8;1985.31
2021-02-22;1978.7;1978.7;1958.36;1961.62
2021-02-23;1969.01;1976.38;1896.36;1922.59
2021-02-24;1926.18;1954.22;1924.64;1937.9
2021-02-25;1955.61;1967.63;1936.13;1936.47
2021-02-26;1912.25;1928.9;1888.55;1907.28
2021-03-01;1925.94;1950.47;1917.58;1949.57
2021-03-02;1947.45;1969.69;1938.13;1959.52
2021-03-03;1963.17;1989.78;1936.22;1943.24
2021-03-04;1935.36;1951.02;1914.5;1944.86
2021-03-05;1940.32;1952.97;1927.59;1939.59
2021-03-08;1950.85;1968.14;1944.49;1965.25
2021-03-09;1966.81;2010.33;1962.85;1994.18
2021-03-10;1997.63;2017.62;1997.63;2003.55
2021-03-11;2012.36;2020.76;1983.64;1994.38
2021-03-12;1993.99;2012.91;1983.11;2006.11
2021-03-15;2012.38;2029.17;1997.76;2001.24
2021-03-16;2005.15;2012.84;1977.17;1981.41
2021-03-17;1976.47;1976.47;1912.98;1939.01
2021-03-18;1941.91;1966.9;1938.05;1960.75
2021-03-19;1950.51;1954.88;1925.51;1927.56
2021-03-22;1921.5;1949.37;1921.5;1929.12
2021-03-23;1933.56;1934.37;1905.9;1923.55
2021-03-24;1910.28;1910.73;1888.36;1899.95
2021-03-25;1901.84;1911.57;1868.06;1876.85
2021-03-26;1891.11;1925.48;1887.67;1918.71
2021-03-29;1922.29;1955.75;1922.29;1953.02
2021-03-30;1963.34;1969.48;1935.9;1942.32
2021-03-31;1949;1954.4;1927.77;1938.84
2021-04-01;1942.53;1959.19;1937.14;1954.38
2021-04-06;1965.18;2012.87;1965.18;2012.87
2021-04-07;2012.08;2012.08;1990.15;1998.73
2021-04-08;2004.55;2006.99;1971.26;1980.32
2021-04-09;1981.23;1987.55;1964.05;1975.11
2021-04-12;1975.05;1983.85;1961.61;1982.58
2021-04-13;1983.4;1991.19;1967.7;1974.73
2021-04-14;1986.19;2011.96;1986.19;2011.96
2021-04-15;2015.11;2024.65;2002.04;2019.29
2021-04-16;2019.5;2026.55;2001.71;2012.27
2021-04-19;2016.04;2039.72;1994.85;1998.99
2021-04-20;2001.93;2013.61;1983.45;1987.76
2021-04-21;1987.94;1988.36;1968.98;1982.4
2021-04-22;1986.54;2004.64;1986.54;1989.73
2021-04-23;1990.18;1990.8;1961.71;1986.63
2021-04-26;1994.54;2005.1;1978.87;2005.1
2021-04-27;2006.17;2013.57;1996.4;1998.92
2021-04-28;2000.4;2033.79;2000.18;2029.64
2021-04-29;2043.59;2081.94;2040.02;2050.69
2021-04-30;2061;2065.47;2037.2;2037.59
2021-05-04;2046.24;2046.24;1999.81;2004.04
2021-05-05;2015.97;2052.17;2014.52;2047.36
2021-05-06;2053.2;2076.8;2040.4;2046.67
2021-05-07;2061.36;2099.19;2061.36;2097.31
2021-05-10;2115.79;2142.57;2108.34;2115.7
2021-05-11;2108.43;2116.51;2078.1;2110.48
2021-05-12;2112.89;2123.47;2084.77;2091.39
2021-05-13;2083.41;2095.86;2049.81;2089.32
2021-05-14;2096.96;2103.3;2062.64;2092.8
2021-05-17;2102.62;2129.99;2102.62;2128.49
2021-05-18;2142.32;2154.13;2132.83;2136.54
2021-05-19;2123.9;2129.88;2107.33;2115.15
2021-05-20;2121.01;2134.93;2100.73;2131.18
2021-05-21;2130.95;2149.09;2126.3;2139.06
2021-05-24;2138.36;2139.33;2127.3;2134.18
2021-05-25;2144;2157.82;2131.94;2153.78
2021-05-26;2156.44;2172.5;2143.24;2164.89
2021-05-27;2167.52;2208.23;2165.53;2207.47
2021-05-28;2210.53;2237.01;2210.53;2236.31
2021-05-31;2237.25;2250.45;2227.27;2233.36
2021-06-01;2234.87;2268.18;2226.59;2233.37
2021-06-02;2234.69;2253.32;2233.99;2252.26
2021-06-04;2252.84;2261.39;2230.69;2254.59
2021-06-07;2254.62;2273.28;2245.49;2246.63
2021-06-08;2241.03;2247.11;2223.2;2237.61
2021-06-09;2239.73;2245.08;2215.18;2218.45
2021-06-10;2217.7;2242.7;2210.07;2236.89
2021-06-11;2238.75;2239.3;2224.15;2224.67
2021-06-14;2229.99;2253.2;2228.81;2253.2
2021-06-15;2262.55;2269.21;2230.1;2230.37
2021-06-16;2232.65;2244.07;2225.14;2225.27
2021-06-17;2215.45;2221.62;2204.74;2211.58
2021-06-18;2208.65;2224.42;2203.47;2220.68
2021-06-21;2210.86;2223.35;2189.24;2219.45
2021-06-22;2226.22;2234.65;2204.52;2220.53
2021-06-23;2222.93;2238.66;2217.36;2233.7
2021-06-24;2237.56;2276.77;2233.03;2273.11
2021-06-25;2271.93;2291.37;2269.55;2282.46
2021-06-28;2280.67;2293.02;2260.4;2285.81
2021-06-29;2281.71;2283.15;2251.62;2258.24
2021-06-30;2257.62;2264.36;2218.41;2218.41
2021-07-01;2223.84;2255.33;2223.84;2250.58
2021-07-02;2258.56;2269.4;2249.91;2252.18
2021-07-05;2255.07;2264.33;2254.01;2258.82
2021-07-06;2262.83;2268.55;2228.46;2228.46
2021-07-07;2234.52;2292.49;2234.52;2285.79
2021-07-08;2280.62;2280.62;2230.62;2234.6
2021-07-09;2241.61;2258.77;2233.98;2251.78
2021-07-12;2253.56;2262.35;2244.1;2255.48
2021-07-13;2259;2279.4;2258.36;2264.26
2021-07-14;2266.88;2280.19;2262.99;2268.57
2021-07-15;2268.01;2281.76;2255.35;2260.49
2021-07-16;2260.8;2272.02;2253.48;2258.1
2021-07-19;2254.48;2254.48;2196.01;2205.86
2021-07-20;2210.63;2223.97;2198.29;2221.28
2021-07-21;2215.48;2254.33;2215.48;2241.97
2021-07-22;2247.69;2252.95;2226.21;2229.86
2021-07-23;2234.32;2243.32;2232.83;2242.41
2021-07-26;2249.57;2250.75;2221.14;2240.65
2021-07-27;2241.05;2241.05;2214.24;2224.59
2021-07-28;2223.2;2249.22;2217.76;2245.76
2021-07-29;2257.08;2268.3;2257.08;2265.69
2021-07-30;2254.07;2258.76;2244.23;2253.45
2021-08-02;2261.61;2266.44;2248.02;2253.28
2021-08-03;2261.94;2272.82;2249.63;2257.73
2021-08-04;2262.05;2280.65;2261.6;2272.09
2021-08-05;2270.83;2275.58;2259.76;2270.67
2021-08-06;2272.53;2276;2255.61;2273.89
2021-08-09;2271.56;2279.9;2267.14;2274.48
2021-08-10;2275.63;2284.79;2268.38;2277.23
2021-08-11;2272.93;2283.69;2261.47;2283.69
2021-08-12;2281.08;2297.72;2277.19;2297.72
2021-08-13;2298.99;2302.1;2290.22;2302.03
2021-08-16;2289.95;2297.14;2280.31;2282.1
2021-08-17;2282.7;2300.04;2279.19;2300.04
2021-08-18;2300.19;2301.58;2275.03;2284.97
2021-08-19;2270.18;2270.95;2240.78;2260.02
2021-08-20;2263.51;2263.51;2247.35;2255.56
2021-08-23;2264.45;2290.92;2264.45;2287.52
2021-08-24;2293.79;2300.9;2282.35;2300.9
2021-08-25;2297.64;2325.19;2291.03;2325.19
2021-08-26;2321.75;2326.62;2307.66;2309.44
2021-08-27;2310.63;2323.77;2295.89;2323.77
2021-08-30;2324.67;2350.93;2324.67;2350.23
2021-08-31;2347.73;2379.63;2347.73;2368.03
2021-09-01;2367.66;2387.46;2367.66;2371.16
2021-09-02;2375.04;2391.94;2363.26;2391.94
2021-09-03;2392.26;2393.71;2370.71;2380.82
2021-09-06;2379.29;2416.38;2379.29;2416.38
2021-09-07;2409.03;2409.1;2388.22;2394.79
2021-09-08;2390.92;2390.92;2361.41;2364.63
2021-09-09;2356.6;2361.31;2341.53;2356.39
2021-09-10;2357.98;2377.01;2357.98;2360.7
2021-09-13;2365.69;2387.74;2362.83;2387.74
2021-09-14;2367.42;2381.69;2356.63;2376.01
2021-09-15;2365.73;2368.41;2348.33;2355.23
2021-09-16;2351.2;2367.65;2347.03;2357.28
2021-09-17;2356.48;2359.97;2326.12;2333.01
2021-09-20;2316.96;2316.96;2259.28;2272.52
2021-09-21;2271.99;2302.02;2271.94;2278.11
2021-09-22;2295.39;2335.18;2295.39;2334.1
2021-09-23;2345.99;2353.45;2315.2;2320.51
2021-09-24;2323.41;2326.78;2295.88;2299.18
2021-09-27;2308.17;2314.8;2285.15;2292.47
2021-09-28;2289.15;2298.68;2270.88;2275.68
2021-09-29;2277.48;2299.84;2271.6;2290.97
2021-09-30;2299.33;2314.35;2294.48;2310.29
2021-10-01;2299.01;2332.78;2284.34;2327.88
2021-10-04;2325.08;2360.69;2306.16;2338.09
2021-10-05;2338.92;2365.14;2320.67;2364.72
2021-10-06;2365.2;2365.2;2329.59;2349.46
2021-10-07;2353.18;2365.41;2334.37;2359.54
2021-10-08;2360.56;2415.15;2360.56;2411.12
2021-10-11;2413.12;2457.36;2409.01;2457.36
2021-10-12;2449.09;2478.55;2429.66;2472.33
2021-10-13;2471.12;2473.93;2439.48;2451.89
2021-10-14;2455.6;2473.32;2447.11;2459.5
2021-10-15;2459.71;2461.17;2438.38;2453.98
2021-10-18;2458.45;2474.44;2452.44;2459.81
2021-10-19;2461.73;2472.34;2438.14;2447.54
2021-10-20;2447.07;2453.57;2432.33;2443.11
2021-10-21;2433.75;2433.75;2418.23;2427.35
2021-10-22;2425.02;2436.87;2412.57;2417.09
2021-10-25;2415.52;2430.62;2415.52;2427.19
2021-10-26;2429.41;2442.53;2417.03;2425.29
2021-10-27;2423.22;2423.22;2389.35;2404.82
2021-10-28;2405.47;2411.6;2391.93;2392.67
2021-10-29;2390.05;2421.65;2377.84;2405.05
2021-11-02;2411.73;2421.09;2388.14;2407.53
2021-11-03;2411.54;2428.52;2370.99;2380.11
2021-11-04;2386.85;2441.93;2386.85;2438.8
2021-11-05;2439.09;2443.77;2419.57;2439.16
2021-11-08;2444.16;2449.64;2417.29;2423.92
2021-11-09;2420.42;2423.89;2393.2;2395.05
2021-11-10;2393.48;2407.83;2355.75;2366.59
2021-11-12;2372.28;2390.77;2358.23;2358.23
2021-11-15;2358.49;2384.74;2335.04;2335.04
2021-11-16;2336.33;2350.13;2333.66;2340.03
2021-11-17;2346.41;2354.67;2312.13;2317.49
2021-11-18;2316.9;2316.9;2258.9;2271.31
2021-11-19;2271.91;2286.37;2221.68;2248.18
2021-11-22;2251.08;2262.74;2237.64;2247.82
2021-11-23;2245.04;2268.99;2223.71;2261.15
2021-11-24;2268.15;2275.74;2230.01;2239.75
2021-11-25;2244.79;2247.36;2218.45;2229.44
2021-11-26;2193.9;2193.9;2138.75;2143.13
2021-11-29;2148.59;2168.81;2120.23;2148.62
2021-11-30;2133.69;2199.73;2118.81;2194.37
2021-12-01;2205.85;2229.12;2193.19;2217.18
2021-12-02;2208.07;2208.07;2179.15;2201.86
2021-12-03;2209.95;2223.51;2176.74;2179.71
2021-12-06;2184.6;2199.87;2175.93;2190.67
2021-12-07;2201.86;2237.32;2201.86;2231.12
2021-12-08;2234.64;2244.71;2214.4;2219.62
2021-12-09;2214.59;2237.73;2184.35;2212.81
2021-12-10;2212.19;2226.15;2203.22;2213.78
2021-12-13;2216.22;2244.59;2205.11;2214.38
2021-12-14;2217.45;2226.58;2197.46;2211.81
2021-12-15;2211.49;2211.49;2153.69;2161.04
2021-12-16;2177.87;2216.95;2177.87;2213.89
2021-12-17;2206.89;2208.54;2183.83;2194.56
2021-12-20;2168.37;2193.18;2144.3;2189.91
2021-12-21;2193.98;2206.73;2185.27;2185.47
2021-12-22;2190.04;2212.32;2186.67;2212.32
2021-12-23;2215.19;2228.64;2213.67;2225.8
2021-12-27;2226.82;2232.08;2210.9;2226.24
2021-12-28;2222.54;2252.43;2219.1;2252.43
2021-12-29;2245.28;2263.76;2242.8;2260.7
2021-12-30;2263.39;2266.92;2247.73;2266.92
2022-01-03;2272.18;2302.11;2272.18;2286.5
2022-01-04;2293.18;2301.76;2281.04;2300.68
2022-01-05;2296.7;2310.97;2283.63;2310.97
2022-01-07;2309.61;2314.16;2278.63;2311.93
2022-01-10;2311.34;2328.41;2289.59;2291.23
2022-01-11;2300.38;2345.44;2296.03;2344.45
2022-01-12;2350.99;2411.11;2350.99;2411.11
2022-01-13;2406.83;2429.03;2397.64;2407.62
2022-01-14;2402.92;2413.59;2370.11;2383.16
2022-01-17;2378.9;2387.33;2359.3;2365.29
2022-01-18;2361.68;2361.68;2317.23;2317.36
2022-01-19;2304.66;2337.74;2291.46;2316.94
2022-01-20;2321.6;2331.17;2299.73;2308.94
2022-01-21;2298.12;2298.12;2257.71;2273.81
2022-01-24;2270.73;2282.96;2153.81;2170.36
2022-01-25;2170.85;2214.87;2170.45;2199.6
2022-01-26;2204.53;2245.72;2204.53;2233.18
2022-01-27;2218.18;2241.77;2197.75;2234.33
2022-01-28;2232.26;2232.26;2167.61;2183.7
2022-01-31;2198.34;2218.58;2191.24;2209.62
2022-02-01;2219.99;2238.58;2210.41;2224.28
2022-02-02;2229.44;2262.18;2221.3;2252.92
2022-02-03;2249.4;2250.75;2225.26;2235.15
2022-02-04;2239.14;2242.69;2174.57;2174.57
2022-02-07;2181.87;2201.4;2149.25;2171.62
2022-02-08;2176;2215.12;2171.41;2215.12
2022-02-09;2220.47;2236.48;2216.91;2235.93
2022-02-10;2235.91;2244.73;2201.11;2213.21
2022-02-11;2203.02;2203.52;2172.72;2203.13
2022-02-14;2154.92;2172.61;2119.71;2161.79
2022-02-15;2170.43;2222.01;2170.43;2209.7
2022-02-16;2224.29;2246.54;2201.69;2212.73
2022-02-17;2215.9;2218.3;2168.46;2175.61
2022-02-18;2172.08;2188.88;2143.28;2143.28
2022-02-21;2149.19;2162.8;2059.49;2069.53
2022-02-22;2038.58;2106.97;2010.54;2101.31
2022-02-23;2110.35;2129.52;2038.99;2038.99
2022-02-24;1929.14;1929.14;1781.02;1817.45
2022-02-25;1850.34;1993.78;1850.34;1970.78
2022-02-28;1937.89;2010.06;1890.33;1999.88
2022-03-01;2006.15;2050.89;1964.71;1967.01
2022-03-02;1966.4;2043.96;1954.93;2043.96
2022-03-03;2053.82;2068.52;2005.47;2009.56
2022-03-04;2000.16;2000.16;1894.88;1918.75
2022-03-07;1898.74;1956.36;1860.1;1934.94
2022-03-08;1922.98;1971.77;1899.22;1908.1
2022-03-09;1937.96;1981.13;1933.67;1973.25
2022-03-10;1983.05;1992.24;1950.24;1970.27
2022-03-11;1983.15;2045.15;1983.15;2033.49
2022-03-14;2038.11;2038.11;1972.14;1972.14
2022-03-15;1968.78;2018.37;1950.63;1999.93
2022-03-16;2018.99;2067.13;2018.99;2060.07
2022-03-17;2070.66;2125.29;2070.66;2125.29
2022-03-18;2122.59;2137.12;2088.08;2099.26
2022-03-21;2098.58;2125.13;2082.38;2093.04
2022-03-22;2096.64;2125.06;2096.5;2121.52
2022-03-23;2129.62;2148.04;2103.09;2120.86
2022-03-24;2130.03;2154.29;2112.6;2138.8
2022-03-25;2142.22;2147.17;2098.97;2115.58
2022-03-28;2112.73;2143.35;2112.73;2123.12
2022-03-29;2134.55;2182.97;2107.74;2171.56
2022-03-30;2178.29;2187.85;2158.86;2179.56
2022-03-31;2177.34;2182.92;2133.05;2133.05
2022-04-01;2143.61;2168.05;2142.22;2164.81
2022-04-04;2171.43;2181.17;2144.42;2157.79
2022-04-05;2164.28;2170.09;2120.76;2123.49
2022-04-06;2124.38;2127.28;2083.93;2107.82
2022-04-07;2110.89;2116.47;2076.63;2076.63
2022-04-08;2089.75;2105.49;2073.85;2085.07
2022-04-11;2081.23;2121.65;2066.56;2121.65
2022-04-12;2115.34;2115.34;2091.76;2094.01
2022-04-13;2103.07;2112.82;2087.13;2104.32
2022-04-14;2109.37;2116.4;2088.7;2093.17
2022-04-19;2098.17;2103.49;2046.24;2068.52
2022-04-20;2076.95;2094.91;2047.81;2047.81
2022-04-21;2059.4;2068.7;2028.76;2028.76
2022-04-22;2028.28;2028.28;1973.31;1973.31
2022-04-25;1951.03;1966.8;1909.93;1919.55
2022-04-26;1938.86;1951.36;1894.28;1896.46
2022-04-27;1897.03;1898.84;1867.06;1883.09
2022-04-28;1903.66;1916.25;1872.1;1884.42
2022-04-29;1898.54;1915.32;1850.37;1858.12
2022-05-02;1854.26;1854.26;1816.5;1824.05
2022-05-04;1834.06;1836.87;1808.2;1812.56
2022-05-05;1832.6;1849.71;1765.85;1765.85
2022-05-06;1763.62;1765.14;1717.48;1765.14
2022-05-09;1757.77;1759.99;1724.48;1727.34
2022-05-10;1735.81;1748.73;1703.9;1719.24
2022-05-11;1728.7;1744.76;1710.15;1718.07
2022-05-12;1692.71;1713.59;1652.3;1691.62
2022-05-13;1709.53;1774.92;1709.53;1765.63
2022-05-16;1761.15;1796.3;1746.66;1762.22
2022-05-17;1777.41;1818.05;1769.03;1800.55
2022-05-18;1807.17;1827.63;1801.68;1801.68
2022-05-19;1780.36;1789.69;1753.51;1776.4
2022-05-20;1787.07;1806.82;1782.66;1782.66
2022-05-23;1798.11;1836.98;1798.11;1836.87
2022-05-24;1825.08;1844.86;1810.98;1810.98
2022-05-25;1823.39;1833.56;1789.67;1796.58
2022-05-26;1798.7;1832.27;1790.87;1827.01
2022-05-27;1827.36;1832.19;1800.31;1810.68
2022-05-30;1829.08;1859.2;1827.52;1858.6
2022-05-31;1859.04;1862.95;1837.62;1842.93
2022-06-01;1846.59;1846.59;1818.87;1822.57
2022-06-02;1825.19;1840.38;1814.5;1833.76
2022-06-03;1845.65;1851.34;1812.39;1819.99
2022-06-06;1827.04;1851.22;1821.82;1849.55
2022-06-07;1838.63;1838.63;1816.4;1828.57
2022-06-08;1827.61;1830.66;1783.21;1792.8
2022-06-09;1793.03;1800.65;1762.92;1767.5
2022-06-10;1761.24;1761.24;1720.39;1725.18
2022-06-13;1704.52;1707.25;1674.39;1681.75
2022-06-14;1692.92;1706.5;1680.68;1704.07
2022-06-15;1707.38;1711.95;1672.46;1707.11
2022-06-17;1682.3;1706.17;1665.88;1676.67
2022-06-20;1684.09;1695.98;1678.23;1679.89
2022-06-21;1689.11;1719.05;1689.11;1719.05
2022-06-22;1700.92;1700.92;1667.82;1680.61
2022-06-23;1678.01;1690.32;1653.8;1654.32
2022-06-24;1659.92;1686.33;1654.61;1682.33
2022-06-27;1691.89;1715.62;1690.74;1713.18
2022-06-28;1722.58;1744.91;1722.58;1739.08
2022-06-29;1726.38;1738.6;1711.84;1733.19
2022-06-30;1720.32;1720.32;1689.04;1695.97
2022-07-01;1690.71;1717.96;1686.98;1688.85
2022-07-04;1695.14;1702.4;1665.59;1693.1
2022-07-05;1701.53;1706.1;1634.5;1644.46
2022-07-06;1649.5;1668.17;1629.79;1654.84
2022-07-07;1664.01;1716.56;1664.01;1708.8
2022-07-08;1707.55;1742.95;1698.13;1740.46
2022-07-11;1713.21;1725.66;1700.85;1714.56
2022-07-12;1707.7;1707.7;1663.05;1663.46
2022-07-13;1663.76;1678.86;1643.36;1655.65
2022-07-14;1655.76;1660.85;1601.32;1613.98
2022-07-15;1618.23;1634.31;1607.84;1620.13
2022-07-18;1632.83;1670.33;1632.83;1669.48
2022-07-19;1664.93;1681.28;1648.39;1679.27
2022-07-20;1688.47;1701.91;1678.74;1694.58
2022-07-21;1697.09;1702.4;1665.34;1683.09
2022-07-22;1677.44;1710.51;1677.44;1701.73
2022-07-25;1699.55;1708.72;1682.95;1685.62
2022-07-26;1677.62;1683.51;1646.3;1654.7
2022-07-27;1658.09;1670.03;1632.23;1651.89
2022-07-28;1661.43;1679.66;1652.86;1667.17
2022-07-29;1674.05;1721.11;1674.05;1721.11
2022-08-01;1723.75;1736.47;1714.65;1736.47
2022-08-02;1728.07;1728.48;1709.85;1713.61
2022-08-03;1702.13;1702.32;1679.92;1688.03
2022-08-04;1690.68;1697.16;1666.85;1674.37
2022-08-05;1685.3;1696.43;1643.02;1652.14
2022-08-08;1660.93;1695.78;1652.97;1695.78
2022-08-09;1695.54;1706.57;1682.49;1684.14
2022-08-10;1683.41;1702.17;1661.42;1694.11
2022-08-11;1705.23;1724.98;1690.24;1724.98
2022-08-12;1721.18;1737.25;1716.38;1735.07
2022-08-16;1739.62;1763.25;1730.05;1735
2022-08-17;1736.13;1736.8;1679.71;1682.93
2022-08-18;1683.89;1703.78;1672.48;1699.68
2022-08-19;1685.24;1698.82;1668.62;1673.4
2022-08-22;1669.2;1670.29;1630;1640.02
2022-08-23;1638.03;1667.41;1630.67;1656.77
2022-08-24;1655.38;1655.38;1616.14;1620.63
2022-08-25;1633.09;1650.7;1622.55;1632
2022-08-26;1635.66;1637.07;1596.06;1602.81
2022-08-29;1585.54;1585.54;1552.6;1573.35
2022-08-30;1578.24;1583.57;1532.85;1535.11
2022-08-31;1540.93;1548.25;1513.5;1528.22
2022-09-01;1522.52;1522.52;1462.59;1462.59
2022-09-02;1477.24;1506.54;1464.67;1505.75
2022-09-05;1496.88;1505.05;1482.29;1492.06
2022-09-06;1495.62;1504.64;1444.84;1452.86
2022-09-07;1445.54;1471.34;1431.36;1469.42
2022-09-08;1481.93;1494.98;1460.43;1473.18
2022-09-09;1487.5;1534.68;1487.5;1534.68
2022-09-12;1545.64;1561.98;1519.71;1561.97
2022-09-13;1569.03;1573.05;1515.19;1519.35
2022-09-14;1511.59;1531.76;1507.2;1528.29
2022-09-15;1533.17;1550.8;1523.79;1539.75
2022-09-16;1526.02;1529.2;1487.36;1501.91
2022-09-19;1498.57;1528.7;1496.79;1527.25
2022-09-20;1532.86;1546.5;1497.41;1497.41
2022-09-21;1495.76;1515.86;1488.25;1509.32
2022-09-22;1498.1;1526.89;1485.31;1518.19
2022-09-23;1518.03;1518.03;1453.76;1457.78
2022-09-26;1446.43;1450.7;1410.71;1433.08
2022-09-27;1443.23;1473.21;1443.23;1458.81
2022-09-28;1434.99;1440.66;1407.56;1435.37
2022-09-29;1446.35;1446.35;1375.19;1380.1
2022-09-30;1390.12;1396.76;1366.25;1377.91
2022-10-03;1379.8;1388.96;1344.02;1386.96
2022-10-04;1404.22;1449.81;1404.22;1449.81
2022-10-05;1449.73;1449.73;1418.03;1419.12
2022-10-06;1431.68;1449.55;1409.32;1417.82
2022-10-07;1414.41;1420.33;1398.86;1405.21
2022-10-10;1400.27;1400.29;1379.35;1379.49
2022-10-11;1377.66;1405.98;1360.7;1381.84
2022-10-12;1389.02;1391.14;1369.65;1377.19
2022-10-13;1378.57;1381.48;1337.71;1358.5
2022-10-14;1383.1;1409.55;1381.49;1397.23
2022-10-17;1400.06;1418.65;1384.6;1414.06
2022-10-18;1416.66;1440.9;1414.9;1427.68
2022-10-19;1430.17;1430.17;1395.73;1397.66
2022-10-20;1399.59;1429.16;1385.16;1426.52
2022-10-21;1421.96;1424.9;1397.28;1411.62
2022-10-24;1421.4;1445.85;1411.21;1433.21
2022-10-25;1438.79;1450.33;1422.44;1444.02
2022-10-26;1447.28;1487.6;1443.41;1487.6
2022-10-27;1489.37;1506.74;1474.43;1506.74
2022-10-28;1498.03;1516.82;1481.23;1508.7
2022-10-31;1511.96;1536.28;1506.41;1536.28
2022-11-02;1545.19;1573.97;1545.19;1573.97
2022-11-03;1553.61;1559.97;1538.04;1559.55
2022-11-04;1569.01;1612.09;1569.01;1601.27
2022-11-07;1605.03;1637.37;1600.71;1618.14
2022-11-08;1616.98;1644.75;1602.48;1644.75
2022-11-09;1643.42;1658.52;1638.45;1644.12
2022-11-10;1637.91;1692.72;1619.03;1690.38
2022-11-14;1697.88;1759.79;1697.88;1743.89
2022-11-15;1750.6;1784.76;1728.17;1769.55
2022-11-16;1747.81;1761.51;1731.46;1741.17
2022-11-17;1744.07;1750.96;1695.8;1708.23
2022-11-18;1709.68;1726.63;1689.34;1707.23
2022-11-21;1706.43;1706.47;1683.15;1685.5
2022-11-22;1687.07;1729.95;1681.78;1717.75
2022-11-23;1724.5;1737.75;1707.01;1713.61
2022-11-24;1724.66;1753.95;1721.85;1753.95
2022-11-25;1752.36;1764.57;1736.75;1755.69
2022-11-28;1748.68;1748.84;1728.74;1728.74
2022-11-29;1740.55;1744.71;1718.31;1736.19
2022-11-30;1741.22;1756.95;1727.88;1736.26
2022-12-01;1754.83;1766.38;1741.13;1766.38
2022-12-02;1765.02;1765.02;1730.43;1733.46
2022-12-05;1738.95;1766.04;1738.95;1746.54
2022-12-06;1741.86;1741.86;1722.72;1733.59
2022-12-07;1730.5;1739.05;1720.19;1735.66
2022-12-08;1735.17;1735.41;1715.72;1725.66
2022-12-09;1730.18;1735.76;1717;1730.16
2022-12-12;1729.82;1759.39;1714.22;1755.34
2022-12-13;1758.54;1803.6;1742.11;1784.67
2022-12-14;1785.11;1793.02;1778.37;1787.37
2022-12-15;1778.9;1778.9;1746.02;1756.52
2022-12-16;1746.54;1755.89;1726.58;1741.3
2022-12-19;1739.9;1754.27;1737.5;1743.24
2022-12-20;1732.8;1763.2;1724.41;1763.2
2022-12-21;1761.88;1786.56;1754.46;1786.1
2022-12-22;1786.63;1796.05;1774.71;1780.07
2022-12-23;1778.58;1782.76;1769.41;1780.27
2022-12-27;1788.67;1792.82;1762.64;1765.87
2022-12-28;1764.3;1776.98;1757.71;1767.88
2022-12-29;1768.98;1802.2;1763.44;1802.2
2022-12-30;1797.53;1797.86;1786.56;1792.01
2023-01-02;1794.52;1811.64;1786.7;1791.47
2023-01-03;1794.13;1835.15;1791.98;1824.82
2023-01-04;1826.17;1856.63;1824.74;1855.05
2023-01-05;1851.86;1887.05;1843.35;1856.05
2023-01-09;1873.58;1912.84;1873.58;1912.47
2023-01-10;1904.63;1940.96;1890.53;1937.98
2023-01-11;1936.39;1955.44;1912.55;1914.74
2023-01-12;1919.28;1950.83;1919.28;1930.79
2023-01-13;1932.38;1939.83;1910.13;1923.44
2023-01-16;1924.89;1944.2;1901.5;1933.08
2023-01-17;1928.12;1932.16;1898.34;1904.51
2023-01-18;1906.99;1928.89;1894.82;1913.25
2023-01-19;1900.37;1903.17;1869.14;1889.84
2023-01-20;1895.41;1901.03;1879.51;1892.32
2023-01-23;1899.2;1928.67;1899.2;1923.15
2023-01-24;1928.95;1945.78;1912.85;1918.6
2023-01-25;1906.22;1906.22;1879.52;1886.24
2023-01-26;1900.83;1920.18;1892.13;1911.61
2023-01-27;1916.61;1925.94;1909.33;1911.5
2023-01-30;1909.48;1909.48;1882.38;1889.82
2023-01-31;1886.96;1905.89;1876.42;1902.25
2023-02-01;1903.59;1911.39;1871.93;1871.93
2023-02-02;1886.33;1919.26;1882.56;1903.79
2023-02-03;1903.48;1917.69;1896.18;1906.13
2023-02-06;1902.31;1902.31;1863.26;1864.76
2023-02-07;1869.42;1877.28;1858.79;1870.87
2023-02-08;1882.32;1898.52;1882.32;1886.68
2023-02-09;1892.88;1912.32;1889.24;1896.24
2023-02-10;1891.84;1891.84;1838.33;1848.04
2023-02-13;1855.31;1863.95;1837.88;1853.29
2023-02-14;1858.47;1868.44;1841.76;1852.67
2023-02-15;1850.59;1871.47;1844.73;1870.03
2023-02-16;1872.93;1883.67;1841.85;1865.51
2023-02-17;1859.27;1867.81;1846.46;1859.26
2023-02-20;1860.87;1863.76;1842.43;1849.48
2023-02-21;1847.82;1847.82;1813.26;1825.89
2023-02-22;1822.56;1823.79;1786.67;1796.87
2023-02-23;1797.8;1826.45;1797.8;1824.76
2023-02-24;1828.33;1832.76;1802.1;1807.31
2023-02-27;1810.71;1828.27;1806.5;1820.79
2023-02-28;1821.3;1847.94;1810.98;1847.94
2023-03-01;1855.26;1868.54;1845.77;1856.22
2023-03-02;1850.34;1850.34;1813.37;1817.77
2023-03-03;1821.93;1841.85;1820.13;1841.85
2023-03-06;1849.05;1878.93;1849.05;1873.63
2023-03-07;1870.17;1883.31;1853.4;1853.4
2023-03-08;1853.32;1864.49;1842.48;1860.83
2023-03-09;1859.12;1859.12;1835.94;1835.94
2023-03-10;1820.21;1820.21;1786.18;1799.58
2023-03-13;1805.3;1814.07;1733.83;1753.3
2023-03-14;1752.13;1769.37;1737.77;1755.3
2023-03-15;1761.1;1766.16;1702.2;1707.42
2023-03-16;1718.65;1727.07;1669.53;1706.55
2023-03-17;1716.42;1730.29;1671.67;1678.16
2023-03-20;1671.55;1689.36;1626.01;1686.56
2023-03-21;1694.95;1724.01;1694.95;1719.16
2023-03-22;1721.09;1732.74;1704.93;1707.29
2023-03-23;1706.81;1714.42;1680.9;1705.91
2023-03-24;1700.07;1700.07;1661.51;1670.18
2023-03-27;1684.13;1695.07;1665.93;1686.96
2023-03-28;1694.46;1712.77;1686.26;1694.12
2023-03-29;1701.93;1712.3;1685.64;1709.39
2023-03-30;1715.56;1764.19;1715.56;1763.29
2023-03-31;1768.95;1776.97;1754.07;1758.56
2023-04-03;1764.92;1795.3;1764.92;1775.99
2023-04-04;1785.64;1797.89;1772.43;1773.53
2023-04-05;1772.8;1776.32;1752.7;1756.95
2023-04-06;1759.34;1766;1749;1754.24
2023-04-11;1765.72;1789.07;1758.63;1783.31
2023-04-12;1785.83;1820.15;1773.58;1816.28
2023-04-13;1814.17;1846.34;1808.35;1840.77
2023-04-14;1846.46;1865.17;1844.08;1854.27
2023-04-17;1861.54;1869.58;1854.76;1861.85
2023-04-18;1863.8;1910.96;1859.82;1896.92
2023-04-19;1893.31;1901.65;1871.52;1896.87
2023-04-20;1898.29;1926.26;1896.15;1911.19
2023-04-21;1903.8;1903.8;1882.76;1900.63
2023-04-24;1897.12;1918.6;1883.77;1910.52
2023-04-25;1907.98;1911.87;1887.85;1890.69
2023-04-26;1891.3;1902.64;1870.09;1888.61
2023-04-27;1893.04;1951.53;1893.04;1948.07
2023-04-28;1953.29;1954.79;1917.31;1923.09
2023-05-02;1921.51;1953.64;1919.23;1919.24
2023-05-04;1920.08;1933.14;1879.78;1884.32
2023-05-05;1890.37;1914.65;1885.44;1912.37
2023-05-08;1918.18;1936.58;1913.67;1922.08
2023-05-09;1919.31;1920.79;1902.81;1919.92
2023-05-10;1926.84;1954.53;1912.32;1931.94
2023-05-11;1935.51;1944.56;1914.17;1918.71
2023-05-12;1923.98;1950.54;1917.43;1939.03
2023-05-15;1949.06;1958.76;1932.34;1940.63
2023-05-16;1937.44;1960.63;1931.65;1948.83
2023-05-17;1945.87;1945.95;1928.07;1933.08
2023-05-18;1942.87;1954.05;1933.12;1939.9
2023-05-19;1946.35;1992.39;1946.35;1992.31
2023-05-22;1990.44;2012.35;1983.44;2004.72
2023-05-23;2002.96;2026.29;2000.68;2004.06
2023-05-24;1998.74;1998.74;1956.18;1958.63
2023-05-25;1961.54;1965.93;1936.77;1941.16
2023-05-26;1943.86;1986.26;1941.93;1984.12
2023-05-29;1986.48;1995.58;1976.35;1980.39
2023-05-30;1978.78;1978.78;1943.99;1946.38
2023-05-31;1934.41;1934.41;1890.03;1894.48
2023-06-01;1902.02;1949.5;1902.02;1946.21
2023-06-02;1959.23;2018.09;1959.23;2018.09
2023-06-05;2019.7;2053.48;2010.92;2020.07
2023-06-06;2017.83;2060.37;2016.18;2053.44
2023-06-07;2052.54;2055.49;2027.06;2036.31
2023-06-09;2046.14;2062.57;2041.14;2050.99
2023-06-12;2051.3;2069.41;2041.18;2044.2
2023-06-13;2050.61;2059.91;2022.49;2024.98
2023-06-14;2029.73;2082.03;2027.67;2075.83
2023-06-15;2070.12;2098.15;2056.92;2097.34
2023-06-16;2097.35;2131.03;2097.35;2108.05
2023-06-19;2102.93;2118.57;2083.57;2083.81
2023-06-20;2081.84;2090.88;2063.37;2066.78
2023-06-21;2067.24;2086.27;2060.53;2076.16
2023-06-22;2077.32;2086.8;2058.12;2075.51
2023-06-23;2068.39;2073.39;2033.22;2035
2023-06-26;2034.31;2075.63;2028.62;2068.49
2023-06-27;2071.66;2081.36;2025.49;2039.34
2023-06-28;2048.56;2066.79;2029.44;2045.15
2023-06-29;2050.16;2067.14;2046.46;2062.11
2023-06-30;2065.97;2069.97;2043.9;2060.38
2023-07-03;2056.7;2080.92;2055.21;2078.46
2023-07-04;2081.01;2081.01;2055.01;2056.53
2023-07-05;2054.22;2054.22;2014.98;2015.11
2023-07-06;2010.25;2023.01;1989.66;2010.48
2023-07-07;2010.4;2037.33;2008.84;2035.57
2023-07-10;2032.43;2043;2020.58;2041.39
2023-07-11;2049.65;2059.27;2044.31;2054.39
2023-07-12;2060.37;2114.5;2060.37;2114.5
2023-07-13;2116.56;2130.53;2109.44;2117.53
2023-07-14;2112.57;2141.53;2106.66;2127.08
2023-07-17;2123.38;2147.67;2119.1;2136.87
2023-07-18;2135.81;2161.24;2132.19;2161.24
2023-07-19;2166.04;2181.78;2160.76;2171.53
2023-07-20;2166.96;2177.81;2154.15;2159.05
2023-07-21;2160.5;2163.36;2144.8;2155.56
2023-07-24;2153.33;2178.67;2153.33;2173.8
2023-07-25;2177.79;2187.81;2166.52;2181.76
2023-07-26;2182.49;2185.84;2155.24;2163.91
2023-07-27;2167.03;2195.76;2167.03;2189.58
2023-07-28;2183.55;2193.03;2172.64;2189.24
2023-07-31;2190.28;2202.3;2186.26;2193.56
2023-08-01;2193.35;2193.77;2174.65;2188.77
2023-08-02;2177.36;2177.36;2142.82;2142.82
2023-08-03;2139.83;2145.01;2120.93;2141.81
2023-08-04;2152.32;2173.4;2152.32;2169.73
2023-08-07;2167.78;2168.37;2145.93;2152.17
2023-08-08;2148.86;2148.86;2106.44;2113.37
2023-08-09;2099.14;2118.52;2089.72;2096.43
2023-08-10;2097.72;2143.51;2097.72;2130.58
2023-08-11;2124.08;2124.08;2098.84;2105.31
2023-08-14;2098.01;2104.81;2082.18;2087.01
2023-08-16;2075.72;2075.87;2039.46;2044.35
2023-08-17;2043.1;2053.25;2009.19;2021.15
2023-08-18;2014.48;2017.46;1997.11;2014.55
2023-08-21;2011.29;2024.31;2002.05;2015.21
2023-08-22;2020.25;2031.1;2005.48;2009.59
2023-08-23;2011.24;2018.61;1989;2012.34
2023-08-24;2015.7;2036.45;2007.3;2009.58
2023-08-25;1997.35;2015.39;1986.05;2000.42
2023-08-28;2010.6;2041.73;2001.87;2039.32
2023-08-29;2041.9;2050.43;2029.79;2042.08
2023-08-30;2043.03;2055.06;2035.91;2049.96
2023-08-31;2049.89;2054.96;2026.67;2027.38
2023-09-01;2024.89;2055.37;2022.35;2050.94
2023-09-04;2050.13;2062.39;2023.74;2025.59
2023-09-05;2022.55;2044.26;2004.34;2006.27
2023-09-06;1993.44;2000.36;1942.27;1958.07
2023-09-07;1954.96;1963.05;1909.86;1927.39
2023-09-08;1934.89;1946.46;1924.02;1943.99
2023-09-11;1951.85;1965.45;1935.43;1941.79
2023-09-12;1944.98;1953.48;1934.03;1949.57
2023-09-13;1948.28;1956.91;1937.35;1949.65
2023-09-14;1954.66;1967.77;1948.35;1967.77
2023-09-15;1973.88;1989.19;1971.31;1975.05
2023-09-18;1974.14;1981.45;1941.76;1943.94
2023-09-19;1951.24;1954.49;1924.07;1930.86
2023-09-20;1932.86;1979.22;1932.86;1975.57
2023-09-21;1962.98;1962.98;1935.97;1949.56
2023-09-22;1948.17;1959.09;1936.82;1949.25
2023-09-25;1947.24;1957.09;1918.15;1925.22
2023-09-26;1921.59;1936.37;1900.4;1928.42
2023-09-27;1928.01;1932.96;1898.92;1898.92
2023-09-28;1896.64;1903.33;1873.38;1884.74
2023-09-29;1890.79;1926.94;1890.79;1915.6
2023-10-02;1917.3;1917.3;1873.32;1873.32
2023-10-03;1871.15;1881.62;1854.48;1864.31
2023-10-04;1857.91;1901.68;1843.38;1879.35
2023-10-05;1884.53;1893.3;1864.65;1864.65
2023-10-06;1865.28;1889.89;1852.68;1870.43
2023-10-09;1869.05;1919.4;1854.01;1909.41
2023-10-10;1919.84;1965.66;1919.84;1960.21
2023-10-11;1962.86;1988.44;1956.18;1976.83
2023-10-12;1980.07;1985.3;1956.34;1960.94
2023-10-13;1958.96;1986.47;1951.77;1974.56
2023-10-16;2009.97;2099.3;2009.97;2079.49
2023-10-17;2077.32;2150.76;2076.66;2118.37
2023-10-18;2111.24;2130.64;2091.92;2094.62
2023-10-19;2085.76;2085.76;2047.77;2051.4
2023-10-20;2040.64;2049.22;2019.23;2028.92
2023-10-23;2030.55;2040.92;2015.1;2021.14
2023-10-24;2028.21;2076.43;2028.21;2059.53
2023-10-25;2063.14;2105.22;2058.24;2096.22
2023-10-26;2080.37;2124.94;2060.12;2120.96
2023-10-27;2122.38;2131.8;2100.9;2103.73
2023-10-30;2108.61;2137.81;2108.61;2126.47
2023-10-31;2129.76;2169.08;2124.23;2149.73
2023-11-02;2163.79;2181.6;2141.35;2158.41
2023-11-03;2161.79;2187.38;2155.56;2177.29
2023-11-06;2185.27;2203.59;2174.56;2186.01
2023-11-07;2179.91;2191.06;2154.48;2168.12
2023-11-08;2165.12;2170.7;2134.8;2140.2
2023-11-09;2153.64;2172.27;2130.08;2170.91
2023-11-10;2165.75;2169.03;2135.65;2141.09
2023-11-13;2147.13;2164.92;2130.91;2132.7
2023-11-14;2137.55;2241.24;2137.55;2236.12
2023-11-15;2241.03;2264.9;2213.47;2218.61
2023-11-16;2215.59;2239.37;2208.37;2217.16
2023-11-17;2215.3;2230.19;2204.7;2228.28
2023-11-20;2228.8;2269.24;2226.91;2250.55
2023-11-21;2248.76;2264.79;2226.06;2240.99
2023-11-22;2237.93;2245.89;2226.39;2241.16
2023-11-23;2243.16;2250;2223.46;2225.6
2023-11-24;2224.79;2237.38;2218.07;2228.01
2023-11-27;2226.59;2231.31;2196.75;2208.05
2023-11-28;2203.89;2242.91;2203.89;2239.69
2023-11-29;2227.16;2234.47;2204.57;2222.44
2023-11-30;2221.96;2234.12;2215.25;2215.25
2023-12-01;2215.16;2287.62;2215.16;2285.98
2023-12-04;2281.69;2299.96;2273.8;2281.04
2023-12-05;2274.56;2316.04;2273.02;2298.78
2023-12-06;2302.28;2329.05;2297.34;2309.81
2023-12-07;2302.98;2303.44;2270.2;2288.84
2023-12-08;2290.85;2316.02;2290.85;2306.05
2023-12-11;2308.2;2325.47;2302.42;2313.32
2023-12-12;2318.29;2328.45;2284.99;2293.66
2023-12-13;2289.56;2309.76;2284.6;2298.31
2023-12-14;2309.38;2326.76;2307.22;2312.56
2023-12-15;2318.2;2365.67;2311.98;2320.45
2023-12-18;2317.97;2340.17;2314.36;2334.5
2023-12-19;2334.62;2372.3;2329.22;2354.57
2023-12-20;2358.26;2380.4;2341.42;2346.52
2023-12-21;2333.32;2355.14;2329.78;2348.67
2023-12-22;2345.16;2353.47;2338.03;2346.7
2023-12-27;2348.85;2378.32;2348.85;2371.28
2023-12-28;2374.38;2380.55;2356.32;2356.32
2023-12-29;2356.84;2367.01;2334.3;2342.99
2024-01-02;2344.1;2350.52;2288.3;2303.41
2024-01-03;2300.34;2305.71;2264.17;2295.12
2024-01-04;2295.14;2295.14;2263.57;2282.23
2024-01-05;2269.54;2281.04;2230.94;2274.59
2024-01-08;2268.49;2283.34;2237.93;2279.86
2024-01-09;2290.55;2294.56;2267.41;2288.2
2024-01-10;2286.76;2299.77;2264.61;2270.82
2024-01-11;2279.93;2287.65;2242.88;2246.21
2024-01-12;2248.84;2270.94;2239.41;2248.58
2024-01-15;2249.09;2259.9;2206.6;2216.01
2024-01-16;2208.87;2215.07;2187.87;2208.54
2024-01-17;2201.05;2201.05;2161.56;2167.71
2024-01-18;2170.27;2194.2;2170.27;2191.26
2024-01-19;2198.47;2213.74;2191.88;2200.91
2024-01-22;2212.23;2223.04;2195.82;2205.03
2024-01-23;2210.65;2215.66;2175.62;2196.27
2024-01-24;2196.95;2225.62;2195.66;2213.36
2024-01-25;2213.69;2215.43;2195.21;2206.18
2024-01-26;2200.87;2226.41;2191.67;2223.47
2024-01-29;2218.5;2224.08;2207.42;2213.17
2024-01-30;2216.22;2238.85;2212.89;2235.83
2024-01-31;2235.89;2282.25;2233.6;2279.86
2024-02-01;2271.04;2322.65;2255.25;2306.07
2024-02-02;2314.21;2366.31;2314.21;2350.44
2024-02-05;2351.28;2378.61;2323.58;2329.72
2024-02-06;2333.11;2356.8;2326.38;2332.22
2024-02-07;2336.86;2351.35;2329.47;2347.31
2024-02-08;2348.8;2355.29;2312.48;2318.89
2024-02-09;2317.87;2326.25;2304.28;2309.39
2024-02-12;2313.8;2355.07;2303.44;2345.13
2024-02-13;2342.42;2349.62;2289.79;2300.09
2024-02-14;2300.62;2347.65;2298.55;2347.65
2024-02-15;2353.78;2362.07;2330;2345.75
2024-02-16;2346.91;2390.06;2346.91;2371.05
2024-02-19;2365.54;2394.8;2365.54;2387.94
2024-02-20;2387.08;2428.85;2380.27;2423.18
2024-02-21;2426.86;2443.12;2410.03;2411.43
2024-02-22;2432.3;2455.05;2432.3;2447.32
2024-02-23;2453.29;2494.74;2451.11;2476.82
2024-02-26;2477.45;2483.49;2462.85;2464.05
2024-02-27;2465.94;2489.6;2450.18;2457.83
2024-02-28;2458.24;2458.24;2408.94;2412
2024-02-29;2413.96;2446.47;2412.88;2418.1
2024-03-01;2430.39;2441;2404.79;2424.7
2024-03-04;2433.2;2444.21;2394.05;2398.38
2024-03-05;2390.39;2390.39;2363.32;2367.74
2024-03-06;2369.06;2382.38;2359.61;2371.37
2024-03-07;2361.05;2361.05;2318.18;2336.23
2024-03-08;2337.02;2353.91;2308.05;2351.65
2024-03-11;2348.14;2370.39;2340.36;2370.39
2024-03-12;2374.4;2428.05;2364.45;2425.09
2024-03-13;2423.09;2435.83;2398.1;2408.31
2024-03-14;2410.55;2426.94;2398.55;2412.33
2024-03-15;2411.5;2422.1;2310.02;2350.97
2024-03-18;2352.61;2375.89;2330.69;2350.87
2024-03-19;2352.6;2359.36;2297.85;2335.74
2024-03-20;2342.47;2350.76;2314.6;2341.35
2024-03-21;2369.05;2409.74;2369.05;2409.74
2024-03-22;2405.34;2415.75;2374.23;2377.69
2024-03-25;2377.78;2381.01;2342.8;2343.24
2024-03-26;2345.98;2396.21;2336.06;2387.64
2024-03-27;2376.38;2387.4;2342.61;2343.26
